{"cameraMode":{"drawMode":0,"name":"Shaded","section":"Shading Mode"},"sceneLighting":true,"audioPlay":false,"sceneViewState":{"showFog":true,"showMaterialUpdate":true,"showSkybox":true,"showFlares":true,"showImageEffects":true,"showParticleSystems":true},"in2DMode":false,"pivot":{"x":-1.5972201824188233,"y":-1.8907935619354249,"z":2.2060365676879885},"rotation":{"x":-0.3334323465824127,"y":0.5325194001197815,"z":-0.23994018137454987,"w":-0.7400827407836914},"size":10.0,"orthographic":false}