{"cameraMode":{"drawMode":0,"name":"Shaded","section":"Shading Mode"},"sceneLighting":true,"audioPlay":false,"sceneViewState":{"showFog":true,"showMaterialUpdate":true,"showSkybox":true,"showFlares":true,"showImageEffects":true,"showParticleSystems":true},"in2DMode":false,"pivot":{"x":7.192199230194092,"y":0.5162315368652344,"z":-6.876007080078125},"rotation":{"x":-0.01587812416255474,"y":-0.9538798332214356,"z":0.2953939437866211,"w":-0.0512811541557312},"size":10.0,"orthographic":false}