{"cameraMode":{"drawMode":0,"name":"Shaded","section":"Shading Mode"},"sceneLighting":true,"audioPlay":false,"sceneViewState":{"showFog":true,"showMaterialUpdate":true,"showSkybox":true,"showFlares":true,"showImageEffects":true,"showParticleSystems":true},"in2DMode":false,"pivot":{"x":2.344501495361328,"y":0.5122575759887695,"z":-0.8668675422668457},"rotation":{"x":0.12468826025724411,"y":0.6436946988105774,"z":-0.10738880932331085,"w":0.7473868131637573},"size":10.0,"orthographic":false}