{"cameraMode":{"drawMode":0,"name":"Shaded","section":"Shading Mode"},"sceneLighting":true,"audioPlay":false,"sceneViewState":{"showFog":true,"showMaterialUpdate":true,"showSkybox":true,"showFlares":true,"showImageEffects":true,"showParticleSystems":true},"in2DMode":false,"pivot":{"x":-15.352688789367676,"y":6.03420352935791,"z":-3.540698289871216},"rotation":{"x":0.21926510334014893,"y":0.26393571496009829,"z":-0.061746180057525638,"w":0.9372605085372925},"size":10.0,"orthographic":false}